<?xml version="1.0" encoding="UTF-8"?>
<project-private xmlns="http://www.netbeans.org/ns/project-private/1">
    <editor-bookmarks xmlns="http://www.netbeans.org/ns/editor-bookmarks/2" lastBookmarkId="0"/>
    <open-files xmlns="http://www.netbeans.org/ns/projectui-open-files/2">
        <group>
            <file>file:/C:/Users/Jannatul%20Tanzela/Documents/Github/CafeShopManagementSystem/CafeShop/src/cafeshop/CafeShop.java</file>
            <file>file:/C:/Users/Jannatul%20Tanzela/Documents/Github/CafeShopManagementSystem/CafeShop/src/cafeshop/FXMLDocumentController.java</file>
            <file>file:/C:/Users/Jannatul%20Tanzela/Documents/Github/CafeShopManagementSystem/CafeShop/src/cafeshop/CardProductController.java</file>
            <file>file:/C:/Users/Jannatul%20Tanzela/Documents/Github/CafeShopManagementSystem/CafeShop/src/cafeshop/ResultSet.java</file>
            <file>file:/C:/Users/Jannatul%20Tanzela/Documents/Github/CafeShopManagementSystem/CafeShop/src/cafeshop/cardListData.java</file>
            <file>file:/C:/Users/Jannatul%20Tanzela/Documents/Github/CafeShopManagementSystem/CafeShop/src/cafeshop/productData.java</file>
            <file>file:/C:/Users/Jannatul%20Tanzela/Documents/Github/CafeShopManagementSystem/CafeShop/src/cafeshop/MainFormController.java</file>
        </group>
    </open-files>
</project-private>
